{
  "main": {
    "zu": {
      "identity": {
        "version": {
          "_cldrVersion": "27.0.1",
          "_number": "$Revision: 11093 $"
        },
        "generation": {
          "_date": "$Date: 2015-01-02 21:36:02 -0600 (Fri, 02 Jan 2015) $"
        },
        "language": "zu"
      },
      "dates": {
        "timeZoneNames": {
          "hourFormat": "+HH:mm;-HH:mm",
          "gmtFormat": "GMT{0}",
          "gmtZeroFormat": "GMT",
          "regionFormat": "Isikhathi sase-{0}",
          "regionFormat-type-standard": "{0} Isikhathi esijwayelekile",
          "regionFormat-type-daylight": "{0} Isikhathi sasemini",
          "fallbackFormat": "{1} ({0})",
          "zone": {
            "America": {
              "Adak": {
                "exemplarCity": "esase-Adak"
              },
              "Anchorage": {
                "exemplarCity": "Anchorage"
              },
              "Anguilla": {
                "exemplarCity": "Anguilla"
              },
              "Antigua": {
                "exemplarCity": "Antigua"
              },
              "Araguaina": {
                "exemplarCity": "Araguaina"
              },
              "Argentina": {
                "La_Rioja": {
                  "exemplarCity": "La Rioja"
                },
                "Rio_Gallegos": {
                  "exemplarCity": "Rio Gallegos"
                },
                "Salta": {
                  "exemplarCity": "Salta"
                },
                "San_Juan": {
                  "exemplarCity": "San Juan"
                },
                "San_Luis": {
                  "exemplarCity": "San Luis"
                },
                "Tucuman": {
                  "exemplarCity": "Tucuman"
                },
                "Ushuaia": {
                  "exemplarCity": "Ushuaia"
                }
              },
              "Aruba": {
                "exemplarCity": "Aruba"
              },
              "Asuncion": {
                "exemplarCity": "I-Asunción"
              },
              "Bahia": {
                "exemplarCity": "Bahia"
              },
              "Bahia_Banderas": {
                "exemplarCity": "Bahia Banderas"
              },
              "Barbados": {
                "exemplarCity": "Barbados"
              },
              "Belem": {
                "exemplarCity": "Belem"
              },
              "Belize": {
                "exemplarCity": "Belize"
              },
              "Blanc-Sablon": {
                "exemplarCity": "Blanc-Sablon"
              },
              "Boa_Vista": {
                "exemplarCity": "Boa Vista"
              },
              "Bogota": {
                "exemplarCity": "Bogota"
              },
              "Boise": {
                "exemplarCity": "Boise"
              },
              "Buenos_Aires": {
                "exemplarCity": "Buenos Aires"
              },
              "Cambridge_Bay": {
                "exemplarCity": "Cambridge Bay"
              },
              "Campo_Grande": {
                "exemplarCity": "Campo Grande"
              },
              "Cancun": {
                "exemplarCity": "Cancun"
              },
              "Caracas": {
                "exemplarCity": "Caracas"
              },
              "Catamarca": {
                "exemplarCity": "Catamarca"
              },
              "Cayenne": {
                "exemplarCity": "Cayenne"
              },
              "Cayman": {
                "exemplarCity": "Cayman"
              },
              "Chicago": {
                "exemplarCity": "Chicago"
              },
              "Chihuahua": {
                "exemplarCity": "Chihuahua"
              },
              "Coral_Harbour": {
                "exemplarCity": "Atikokan"
              },
              "Cordoba": {
                "exemplarCity": "Cordoba"
              },
              "Costa_Rica": {
                "exemplarCity": "Costa Rica"
              },
              "Creston": {
                "exemplarCity": "Creston"
              },
              "Cuiaba": {
                "exemplarCity": "Cuiaba"
              },
              "Curacao": {
                "exemplarCity": "I-Curaçao"
              },
              "Danmarkshavn": {
                "exemplarCity": "Danmarkshavn"
              },
              "Dawson": {
                "exemplarCity": "Dawson"
              },
              "Dawson_Creek": {
                "exemplarCity": "Dawson Creek"
              },
              "Denver": {
                "exemplarCity": "Denver"
              },
              "Detroit": {
                "exemplarCity": "Detroit"
              },
              "Dominica": {
                "exemplarCity": "Dominica"
              },
              "Edmonton": {
                "exemplarCity": "Edmonton"
              },
              "Eirunepe": {
                "exemplarCity": "Eirunepe"
              },
              "El_Salvador": {
                "exemplarCity": "El Salvador"
              },
              "Fortaleza": {
                "exemplarCity": "Fortaleza"
              },
              "Glace_Bay": {
                "exemplarCity": "Glace Bay"
              },
              "Godthab": {
                "exemplarCity": "Nuuk"
              },
              "Goose_Bay": {
                "exemplarCity": "Goose Bay"
              },
              "Grand_Turk": {
                "exemplarCity": "Grand Turk"
              },
              "Grenada": {
                "exemplarCity": "Grenada"
              },
              "Guadeloupe": {
                "exemplarCity": "Guadeloupe"
              },
              "Guatemala": {
                "exemplarCity": "Guatemala"
              },
              "Guayaquil": {
                "exemplarCity": "Guayaquil"
              },
              "Guyana": {
                "exemplarCity": "Guyana"
              },
              "Halifax": {
                "exemplarCity": "Halifax"
              },
              "Havana": {
                "exemplarCity": "Havana"
              },
              "Hermosillo": {
                "exemplarCity": "Hermosillo"
              },
              "Indiana": {
                "Knox": {
                  "exemplarCity": "Knox, Indiana"
                },
                "Marengo": {
                  "exemplarCity": "Marengo, Indiana"
                },
                "Petersburg": {
                  "exemplarCity": "Petersburg, Indiana"
                },
                "Tell_City": {
                  "exemplarCity": "Tell City, Indiana"
                },
                "Vevay": {
                  "exemplarCity": "Vevay, Indiana"
                },
                "Vincennes": {
                  "exemplarCity": "Vincennes, Indiana"
                },
                "Winamac": {
                  "exemplarCity": "Winamac, Indiana"
                }
              },
              "Indianapolis": {
                "exemplarCity": "Indianapolis"
              },
              "Inuvik": {
                "exemplarCity": "Inuvik"
              },
              "Iqaluit": {
                "exemplarCity": "Iqaluit"
              },
              "Jamaica": {
                "exemplarCity": "Jamaica"
              },
              "Jujuy": {
                "exemplarCity": "Jujuy"
              },
              "Juneau": {
                "exemplarCity": "Juneau"
              },
              "Kentucky": {
                "Monticello": {
                  "exemplarCity": "Monticello, Kentucky"
                }
              },
              "Kralendijk": {
                "exemplarCity": "Kralendijk"
              },
              "La_Paz": {
                "exemplarCity": "La Paz"
              },
              "Lima": {
                "exemplarCity": "Lima"
              },
              "Los_Angeles": {
                "exemplarCity": "Los Angeles"
              },
              "Louisville": {
                "exemplarCity": "Louisville"
              },
              "Lower_Princes": {
                "exemplarCity": "I-Lower Prince’s Quarter"
              },
              "Maceio": {
                "exemplarCity": "Maceio"
              },
              "Managua": {
                "exemplarCity": "Managua"
              },
              "Manaus": {
                "exemplarCity": "Manaus"
              },
              "Marigot": {
                "exemplarCity": "Marigot"
              },
              "Martinique": {
                "exemplarCity": "Martinique"
              },
              "Matamoros": {
                "exemplarCity": "Matamoros"
              },
              "Mazatlan": {
                "exemplarCity": "Mazatlan"
              },
              "Mendoza": {
                "exemplarCity": "Mendoza"
              },
              "Menominee": {
                "exemplarCity": "Menominee"
              },
              "Merida": {
                "exemplarCity": "Merida"
              },
              "Metlakatla": {
                "exemplarCity": "Metlakatla"
              },
              "Mexico_City": {
                "exemplarCity": "Mexico City"
              },
              "Miquelon": {
                "exemplarCity": "Miquelon"
              },
              "Moncton": {
                "exemplarCity": "Moncton"
              },
              "Monterrey": {
                "exemplarCity": "Monterrey"
              },
              "Montevideo": {
                "exemplarCity": "Montevideo"
              },
              "Montserrat": {
                "exemplarCity": "Montserrat"
              },
              "Nassau": {
                "exemplarCity": "Nassau"
              },
              "New_York": {
                "exemplarCity": "New York"
              },
              "Nipigon": {
                "exemplarCity": "Nipigon"
              },
              "Nome": {
                "exemplarCity": "Nome"
              },
              "Noronha": {
                "exemplarCity": "Noronha"
              },
              "North_Dakota": {
                "Beulah": {
                  "exemplarCity": "Beulah, North Dakota"
                },
                "Center": {
                  "exemplarCity": "Center, North Dakota"
                },
                "New_Salem": {
                  "exemplarCity": "New Salem, North Dakota"
                }
              },
              "Ojinaga": {
                "exemplarCity": "Ojinaga"
              },
              "Panama": {
                "exemplarCity": "Panama"
              },
              "Pangnirtung": {
                "exemplarCity": "Pangnirtung"
              },
              "Paramaribo": {
                "exemplarCity": "Paramaribo"
              },
              "Phoenix": {
                "exemplarCity": "esase-Phoenix"
              },
              "Port-au-Prince": {
                "exemplarCity": "esase-Port-au-Prince"
              },
              "Port_of_Spain": {
                "exemplarCity": "esase-Port of Spain"
              },
              "Porto_Velho": {
                "exemplarCity": "Porto Velho"
              },
              "Puerto_Rico": {
                "exemplarCity": "esase-Puerto Rico"
              },
              "Rainy_River": {
                "exemplarCity": "esase-Rainy River"
              },
              "Rankin_Inlet": {
                "exemplarCity": "esase-Rankin Inlet"
              },
              "Recife": {
                "exemplarCity": "Recife"
              },
              "Regina": {
                "exemplarCity": "esase-Regina"
              },
              "Resolute": {
                "exemplarCity": "esase-Resolute"
              },
              "Rio_Branco": {
                "exemplarCity": "Rio Branco"
              },
              "Santa_Isabel": {
                "exemplarCity": "esase-Santa Isabel"
              },
              "Santarem": {
                "exemplarCity": "Santarem"
              },
              "Santiago": {
                "exemplarCity": "Santiago"
              },
              "Santo_Domingo": {
                "exemplarCity": "esase-Santo Domingo"
              },
              "Sao_Paulo": {
                "exemplarCity": "Sao Paulo"
              },
              "Scoresbysund": {
                "exemplarCity": "esase-Ittoqqortoormiit"
              },
              "Sitka": {
                "exemplarCity": "esase-Sitka"
              },
              "St_Barthelemy": {
                "exemplarCity": "esase-Saint Barthélemy"
              },
              "St_Johns": {
                "exemplarCity": "esase-St. John’s"
              },
              "St_Kitts": {
                "exemplarCity": "esase-St. Kitts"
              },
              "St_Lucia": {
                "exemplarCity": "esase-St. Lucia"
              },
              "St_Thomas": {
                "exemplarCity": "esase-St. Thomas"
              },
              "St_Vincent": {
                "exemplarCity": "esase-St. Vincent"
              },
              "Swift_Current": {
                "exemplarCity": "esase-Swift Current"
              },
              "Tegucigalpa": {
                "exemplarCity": "esase-Tegucigalpa"
              },
              "Thule": {
                "exemplarCity": "esase-Thule"
              },
              "Thunder_Bay": {
                "exemplarCity": "esase-Thunder Bay"
              },
              "Tijuana": {
                "exemplarCity": "esase-Tijuana"
              },
              "Toronto": {
                "exemplarCity": "esase-Toronto"
              },
              "Tortola": {
                "exemplarCity": "esase-Tortola"
              },
              "Vancouver": {
                "exemplarCity": "esase-Vancouver"
              },
              "Whitehorse": {
                "exemplarCity": "esase-Whitehorse"
              },
              "Winnipeg": {
                "exemplarCity": "esase-Winnipeg"
              },
              "Yakutat": {
                "exemplarCity": "esase-Yakutat"
              },
              "Yellowknife": {
                "exemplarCity": "esase-Yellowknife"
              }
            },
            "Atlantic": {
              "Azores": {
                "exemplarCity": "Azores"
              },
              "Bermuda": {
                "exemplarCity": "Bermuda"
              },
              "Canary": {
                "exemplarCity": "Canary"
              },
              "Cape_Verde": {
                "exemplarCity": "Cape Verde"
              },
              "Faeroe": {
                "exemplarCity": "Faroe"
              },
              "Madeira": {
                "exemplarCity": "Madeira"
              },
              "Reykjavik": {
                "exemplarCity": "Reykjavik"
              },
              "South_Georgia": {
                "exemplarCity": "South Georgia"
              },
              "St_Helena": {
                "exemplarCity": "St. Helena"
              },
              "Stanley": {
                "exemplarCity": "Stanley"
              }
            },
            "Europe": {
              "Amsterdam": {
                "exemplarCity": "Amsterdam"
              },
              "Andorra": {
                "exemplarCity": "Andorra"
              },
              "Athens": {
                "exemplarCity": "Athens"
              },
              "Belgrade": {
                "exemplarCity": "Belgrade"
              },
              "Berlin": {
                "exemplarCity": "Berlin"
              },
              "Bratislava": {
                "exemplarCity": "Bratislava"
              },
              "Brussels": {
                "exemplarCity": "Brussels"
              },
              "Bucharest": {
                "exemplarCity": "Bucharest"
              },
              "Budapest": {
                "exemplarCity": "Budapest"
              },
              "Busingen": {
                "exemplarCity": "Busingen"
              },
              "Chisinau": {
                "exemplarCity": "Chisinau"
              },
              "Copenhagen": {
                "exemplarCity": "Copenhagen"
              },
              "Dublin": {
                "long": {
                  "daylight": "esase-Irish Standard Time"
                },
                "exemplarCity": "Dublin"
              },
              "Gibraltar": {
                "exemplarCity": "Gibraltar"
              },
              "Guernsey": {
                "exemplarCity": "Guernsey"
              },
              "Helsinki": {
                "exemplarCity": "Helsinki"
              },
              "Isle_of_Man": {
                "exemplarCity": "Isle of Man"
              },
              "Istanbul": {
                "exemplarCity": "Istanbul"
              },
              "Jersey": {
                "exemplarCity": "Jersey"
              },
              "Kaliningrad": {
                "exemplarCity": "Kaliningrad"
              },
              "Kiev": {
                "exemplarCity": "Kiev"
              },
              "Lisbon": {
                "exemplarCity": "Lisbon"
              },
              "Ljubljana": {
                "exemplarCity": "Ljubljana"
              },
              "London": {
                "long": {
                  "daylight": "esase-British Summer Time"
                },
                "exemplarCity": "London"
              },
              "Luxembourg": {
                "exemplarCity": "Luxembourg"
              },
              "Madrid": {
                "exemplarCity": "Madrid"
              },
              "Malta": {
                "exemplarCity": "Malta"
              },
              "Mariehamn": {
                "exemplarCity": "Mariehamn"
              },
              "Minsk": {
                "exemplarCity": "Minsk"
              },
              "Monaco": {
                "exemplarCity": "Monaco"
              },
              "Moscow": {
                "exemplarCity": "Moscow"
              },
              "Oslo": {
                "exemplarCity": "Oslo"
              },
              "Paris": {
                "exemplarCity": "Paris"
              },
              "Podgorica": {
                "exemplarCity": "Podgorica"
              },
              "Prague": {
                "exemplarCity": "Prague"
              },
              "Riga": {
                "exemplarCity": "Riga"
              },
              "Rome": {
                "exemplarCity": "Rome"
              },
              "Samara": {
                "exemplarCity": "Samara"
              },
              "San_Marino": {
                "exemplarCity": "San Marino"
              },
              "Sarajevo": {
                "exemplarCity": "Sarajevo"
              },
              "Simferopol": {
                "exemplarCity": "Simferopol"
              },
              "Skopje": {
                "exemplarCity": "Skopje"
              },
              "Sofia": {
                "exemplarCity": "Sofia"
              },
              "Stockholm": {
                "exemplarCity": "Stockholm"
              },
              "Tallinn": {
                "exemplarCity": "Tallinn"
              },
              "Tirane": {
                "exemplarCity": "Tirane"
              },
              "Uzhgorod": {
                "exemplarCity": "Uzhgorod"
              },
              "Vaduz": {
                "exemplarCity": "Vaduz"
              },
              "Vatican": {
                "exemplarCity": "Vatican"
              },
              "Vienna": {
                "exemplarCity": "Vienna"
              },
              "Vilnius": {
                "exemplarCity": "Vilnius"
              },
              "Volgograd": {
                "exemplarCity": "Volgograd"
              },
              "Warsaw": {
                "exemplarCity": "Warsaw"
              },
              "Zagreb": {
                "exemplarCity": "Zagreb"
              },
              "Zaporozhye": {
                "exemplarCity": "Zaporozhye"
              },
              "Zurich": {
                "exemplarCity": "Zurich"
              }
            },
            "Africa": {
              "Abidjan": {
                "exemplarCity": "Abidjan"
              },
              "Accra": {
                "exemplarCity": "Accra"
              },
              "Addis_Ababa": {
                "exemplarCity": "Addis Ababa"
              },
              "Algiers": {
                "exemplarCity": "Algiers"
              },
              "Asmera": {
                "exemplarCity": "Asmara"
              },
              "Bamako": {
                "exemplarCity": "Bamako"
              },
              "Bangui": {
                "exemplarCity": "Bangui"
              },
              "Banjul": {
                "exemplarCity": "Banjul"
              },
              "Bissau": {
                "exemplarCity": "Bissau"
              },
              "Blantyre": {
                "exemplarCity": "Blantyre"
              },
              "Brazzaville": {
                "exemplarCity": "Brazzaville"
              },
              "Bujumbura": {
                "exemplarCity": "Bujumbura"
              },
              "Cairo": {
                "exemplarCity": "Cairo"
              },
              "Casablanca": {
                "exemplarCity": "Casablanca"
              },
              "Ceuta": {
                "exemplarCity": "Ceuta"
              },
              "Conakry": {
                "exemplarCity": "Conakry"
              },
              "Dakar": {
                "exemplarCity": "Dakar"
              },
              "Dar_es_Salaam": {
                "exemplarCity": "Dar es Salaam"
              },
              "Djibouti": {
                "exemplarCity": "Djibouti"
              },
              "Douala": {
                "exemplarCity": "Douala"
              },
              "El_Aaiun": {
                "exemplarCity": "El Aaiun"
              },
              "Freetown": {
                "exemplarCity": "Freetown"
              },
              "Gaborone": {
                "exemplarCity": "Gaborone"
              },
              "Harare": {
                "exemplarCity": "Harare"
              },
              "Johannesburg": {
                "exemplarCity": "Johannesburg"
              },
              "Juba": {
                "exemplarCity": "Juba"
              },
              "Kampala": {
                "exemplarCity": "Kampala"
              },
              "Khartoum": {
                "exemplarCity": "Khartoum"
              },
              "Kigali": {
                "exemplarCity": "Kigali"
              },
              "Kinshasa": {
                "exemplarCity": "Kinshasa"
              },
              "Lagos": {
                "exemplarCity": "Lagos"
              },
              "Libreville": {
                "exemplarCity": "Libreville"
              },
              "Lome": {
                "exemplarCity": "Lome"
              },
              "Luanda": {
                "exemplarCity": "Luanda"
              },
              "Lubumbashi": {
                "exemplarCity": "Lubumbashi"
              },
              "Lusaka": {
                "exemplarCity": "Lusaka"
              },
              "Malabo": {
                "exemplarCity": "Malabo"
              },
              "Maputo": {
                "exemplarCity": "Maputo"
              },
              "Maseru": {
                "exemplarCity": "Maseru"
              },
              "Mbabane": {
                "exemplarCity": "Mbabane"
              },
              "Mogadishu": {
                "exemplarCity": "Mogadishu"
              },
              "Monrovia": {
                "exemplarCity": "Monrovia"
              },
              "Nairobi": {
                "exemplarCity": "Nairobi"
              },
              "Ndjamena": {
                "exemplarCity": "Ndjamena"
              },
              "Niamey": {
                "exemplarCity": "Niamey"
              },
              "Nouakchott": {
                "exemplarCity": "Nouakchott"
              },
              "Ouagadougou": {
                "exemplarCity": "Ouagadougou"
              },
              "Porto-Novo": {
                "exemplarCity": "Porto-Novo"
              },
              "Sao_Tome": {
                "exemplarCity": "I-São Tomé"
              },
              "Tripoli": {
                "exemplarCity": "Tripoli"
              },
              "Tunis": {
                "exemplarCity": "Tunis"
              },
              "Windhoek": {
                "exemplarCity": "Windhoek"
              }
            },
            "Asia": {
              "Aden": {
                "exemplarCity": "Aden"
              },
              "Almaty": {
                "exemplarCity": "Almaty"
              },
              "Amman": {
                "exemplarCity": "Amman"
              },
              "Anadyr": {
                "exemplarCity": "Anadyr"
              },
              "Aqtau": {
                "exemplarCity": "Aqtau"
              },
              "Aqtobe": {
                "exemplarCity": "Aqtobe"
              },
              "Ashgabat": {
                "exemplarCity": "Ashgabat"
              },
              "Baghdad": {
                "exemplarCity": "Baghdad"
              },
              "Bahrain": {
                "exemplarCity": "Bahrain"
              },
              "Baku": {
                "exemplarCity": "Baku"
              },
              "Bangkok": {
                "exemplarCity": "Bangkok"
              },
              "Beirut": {
                "exemplarCity": "Beirut"
              },
              "Bishkek": {
                "exemplarCity": "Bishkek"
              },
              "Brunei": {
                "exemplarCity": "Brunei"
              },
              "Calcutta": {
                "exemplarCity": "esase-Kolkata"
              },
              "Chita": {
                "exemplarCity": "Chita"
              },
              "Choibalsan": {
                "exemplarCity": "Choibalsan"
              },
              "Colombo": {
                "exemplarCity": "esase-Colombo"
              },
              "Damascus": {
                "exemplarCity": "Damascus"
              },
              "Dhaka": {
                "exemplarCity": "esase-Dhaka"
              },
              "Dili": {
                "exemplarCity": "Dili"
              },
              "Dubai": {
                "exemplarCity": "Dubai"
              },
              "Dushanbe": {
                "exemplarCity": "Dushanbe"
              },
              "Gaza": {
                "exemplarCity": "Gaza"
              },
              "Hebron": {
                "exemplarCity": "Hebron"
              },
              "Hong_Kong": {
                "exemplarCity": "Hong Kong"
              },
              "Hovd": {
                "exemplarCity": "Hovd"
              },
              "Irkutsk": {
                "exemplarCity": "Irkutsk"
              },
              "Jakarta": {
                "exemplarCity": "Jakarta"
              },
              "Jayapura": {
                "exemplarCity": "Jayapura"
              },
              "Jerusalem": {
                "exemplarCity": "Jerusalem"
              },
              "Kabul": {
                "exemplarCity": "esase-Kabul"
              },
              "Kamchatka": {
                "exemplarCity": "Kamchatka"
              },
              "Karachi": {
                "exemplarCity": "esase-Karachi"
              },
              "Katmandu": {
                "exemplarCity": "esase-Kathmandu"
              },
              "Khandyga": {
                "exemplarCity": "Khandyga"
              },
              "Krasnoyarsk": {
                "exemplarCity": "Krasnoyarsk"
              },
              "Kuala_Lumpur": {
                "exemplarCity": "Kuala Lumpur"
              },
              "Kuching": {
                "exemplarCity": "Kuching"
              },
              "Kuwait": {
                "exemplarCity": "Kuwait"
              },
              "Macau": {
                "exemplarCity": "Macau"
              },
              "Magadan": {
                "exemplarCity": "Magadan"
              },
              "Makassar": {
                "exemplarCity": "Makassar"
              },
              "Manila": {
                "exemplarCity": "Manila"
              },
              "Muscat": {
                "exemplarCity": "Muscat"
              },
              "Nicosia": {
                "exemplarCity": "Nicosia"
              },
              "Novokuznetsk": {
                "exemplarCity": "Novokuznetsk"
              },
              "Novosibirsk": {
                "exemplarCity": "Novosibirsk"
              },
              "Omsk": {
                "exemplarCity": "Omsk"
              },
              "Oral": {
                "exemplarCity": "Oral"
              },
              "Phnom_Penh": {
                "exemplarCity": "Phnom Penh"
              },
              "Pontianak": {
                "exemplarCity": "Pontianak"
              },
              "Pyongyang": {
                "exemplarCity": "Pyongyang"
              },
              "Qatar": {
                "exemplarCity": "Qatar"
              },
              "Qyzylorda": {
                "exemplarCity": "Qyzylorda"
              },
              "Rangoon": {
                "exemplarCity": "Rangoon"
              },
              "Riyadh": {
                "exemplarCity": "Riyadh"
              },
              "Saigon": {
                "exemplarCity": "Ho Chi Minh"
              },
              "Sakhalin": {
                "exemplarCity": "Sakhalin"
              },
              "Samarkand": {
                "exemplarCity": "Samarkand"
              },
              "Seoul": {
                "exemplarCity": "Seoul"
              },
              "Shanghai": {
                "exemplarCity": "Shanghai"
              },
              "Singapore": {
                "exemplarCity": "Singapore"
              },
              "Srednekolymsk": {
                "exemplarCity": "Srednekolymsk"
              },
              "Taipei": {
                "exemplarCity": "Taipei"
              },
              "Tashkent": {
                "exemplarCity": "Tashkent"
              },
              "Tbilisi": {
                "exemplarCity": "Tbilisi"
              },
              "Tehran": {
                "exemplarCity": "esase-Tehran"
              },
              "Thimphu": {
                "exemplarCity": "esase-Thimphu"
              },
              "Tokyo": {
                "exemplarCity": "Tokyo"
              },
              "Ulaanbaatar": {
                "exemplarCity": "Ulaanbaatar"
              },
              "Urumqi": {
                "exemplarCity": "Urumqi"
              },
              "Ust-Nera": {
                "exemplarCity": "Ust-Nera"
              },
              "Vientiane": {
                "exemplarCity": "Vientiane"
              },
              "Vladivostok": {
                "exemplarCity": "Vladivostok"
              },
              "Yakutsk": {
                "exemplarCity": "Yakutsk"
              },
              "Yekaterinburg": {
                "exemplarCity": "Yekaterinburg"
              },
              "Yerevan": {
                "exemplarCity": "Yerevan"
              }
            },
            "Indian": {
              "Antananarivo": {
                "exemplarCity": "Antananarivo"
              },
              "Chagos": {
                "exemplarCity": "Chagos"
              },
              "Christmas": {
                "exemplarCity": "Christmas"
              },
              "Cocos": {
                "exemplarCity": "Cocos"
              },
              "Comoro": {
                "exemplarCity": "Comoro"
              },
              "Kerguelen": {
                "exemplarCity": "Kerguelen"
              },
              "Mahe": {
                "exemplarCity": "Mahe"
              },
              "Maldives": {
                "exemplarCity": "esase-Maldives"
              },
              "Mauritius": {
                "exemplarCity": "Mauritius"
              },
              "Mayotte": {
                "exemplarCity": "Mayotte"
              },
              "Reunion": {
                "exemplarCity": "I-Réunion"
              }
            },
            "Australia": {
              "Adelaide": {
                "exemplarCity": "Adelaide"
              },
              "Brisbane": {
                "exemplarCity": "Brisbane"
              },
              "Broken_Hill": {
                "exemplarCity": "Broken Hill"
              },
              "Currie": {
                "exemplarCity": "Currie"
              },
              "Darwin": {
                "exemplarCity": "Darwin"
              },
              "Eucla": {
                "exemplarCity": "Eucla"
              },
              "Hobart": {
                "exemplarCity": "Hobart"
              },
              "Lindeman": {
                "exemplarCity": "Lindeman"
              },
              "Lord_Howe": {
                "exemplarCity": "Lord Howe"
              },
              "Melbourne": {
                "exemplarCity": "Melbourne"
              },
              "Perth": {
                "exemplarCity": "Perth"
              },
              "Sydney": {
                "exemplarCity": "Sydney"
              }
            },
            "Pacific": {
              "Apia": {
                "exemplarCity": "Apia"
              },
              "Auckland": {
                "exemplarCity": "Auckland"
              },
              "Bougainville": {
                "exemplarCity": "Bougainville"
              },
              "Chatham": {
                "exemplarCity": "Chatham"
              },
              "Easter": {
                "exemplarCity": "Easter"
              },
              "Efate": {
                "exemplarCity": "Efate"
              },
              "Enderbury": {
                "exemplarCity": "Enderbury"
              },
              "Fakaofo": {
                "exemplarCity": "Fakaofo"
              },
              "Fiji": {
                "exemplarCity": "Fiji"
              },
              "Funafuti": {
                "exemplarCity": "Funafuti"
              },
              "Galapagos": {
                "exemplarCity": "Galapagos"
              },
              "Gambier": {
                "exemplarCity": "Gambier"
              },
              "Guadalcanal": {
                "exemplarCity": "Guadalcanal"
              },
              "Guam": {
                "exemplarCity": "Guam"
              },
              "Honolulu": {
                "exemplarCity": "Honolulu"
              },
              "Johnston": {
                "exemplarCity": "Johnston"
              },
              "Kiritimati": {
                "exemplarCity": "Kiritimati"
              },
              "Kosrae": {
                "exemplarCity": "Kosrae"
              },
              "Kwajalein": {
                "exemplarCity": "Kwajalein"
              },
              "Majuro": {
                "exemplarCity": "Majuro"
              },
              "Marquesas": {
                "exemplarCity": "Marquesas"
              },
              "Midway": {
                "exemplarCity": "Midway"
              },
              "Nauru": {
                "exemplarCity": "Nauru"
              },
              "Niue": {
                "exemplarCity": "Niue"
              },
              "Norfolk": {
                "exemplarCity": "Norfolk"
              },
              "Noumea": {
                "exemplarCity": "Noumea"
              },
              "Pago_Pago": {
                "exemplarCity": "Pago Pago"
              },
              "Palau": {
                "exemplarCity": "Palau"
              },
              "Pitcairn": {
                "exemplarCity": "Pitcairn"
              },
              "Ponape": {
                "exemplarCity": "Pohnpei"
              },
              "Port_Moresby": {
                "exemplarCity": "Port Moresby"
              },
              "Rarotonga": {
                "exemplarCity": "Rarotonga"
              },
              "Saipan": {
                "exemplarCity": "Saipan"
              },
              "Tahiti": {
                "exemplarCity": "Tahiti"
              },
              "Tarawa": {
                "exemplarCity": "Tarawa"
              },
              "Tongatapu": {
                "exemplarCity": "Tongatapu"
              },
              "Truk": {
                "exemplarCity": "Chuuk"
              },
              "Wake": {
                "exemplarCity": "Wake"
              },
              "Wallis": {
                "exemplarCity": "Wallis"
              }
            },
            "Arctic": {
              "Longyearbyen": {
                "exemplarCity": "Longyearbyen"
              }
            },
            "Antarctica": {
              "Casey": {
                "exemplarCity": "Casey"
              },
              "Davis": {
                "exemplarCity": "Davis"
              },
              "DumontDUrville": {
                "exemplarCity": "Dumont d’Urville"
              },
              "Macquarie": {
                "exemplarCity": "Macquarie"
              },
              "Mawson": {
                "exemplarCity": "Mawson"
              },
              "McMurdo": {
                "exemplarCity": "McMurdo"
              },
              "Palmer": {
                "exemplarCity": "Palmer"
              },
              "Rothera": {
                "exemplarCity": "Rothera"
              },
              "Syowa": {
                "exemplarCity": "Syowa"
              },
              "Troll": {
                "exemplarCity": "Troll"
              },
              "Vostok": {
                "exemplarCity": "Vostok"
              }
            },
            "Etc": {
              "GMT": {
                "exemplarCity": "GMT"
              },
              "GMT1": {
                "exemplarCity": "GMT+1"
              },
              "GMT10": {
                "exemplarCity": "GMT+10"
              },
              "GMT11": {
                "exemplarCity": "GMT+11"
              },
              "GMT12": {
                "exemplarCity": "GMT+12"
              },
              "GMT2": {
                "exemplarCity": "GMT+2"
              },
              "GMT3": {
                "exemplarCity": "GMT+3"
              },
              "GMT4": {
                "exemplarCity": "GMT+4"
              },
              "GMT5": {
                "exemplarCity": "GMT+5"
              },
              "GMT6": {
                "exemplarCity": "GMT+6"
              },
              "GMT7": {
                "exemplarCity": "GMT+7"
              },
              "GMT8": {
                "exemplarCity": "GMT+8"
              },
              "GMT9": {
                "exemplarCity": "GMT+9"
              },
              "GMT-1": {
                "exemplarCity": "GMT-1"
              },
              "GMT-10": {
                "exemplarCity": "GMT-10"
              },
              "GMT-11": {
                "exemplarCity": "GMT-11"
              },
              "GMT-12": {
                "exemplarCity": "GMT-12"
              },
              "GMT-13": {
                "exemplarCity": "GMT-13"
              },
              "GMT-14": {
                "exemplarCity": "GMT-14"
              },
              "GMT-2": {
                "exemplarCity": "GMT-2"
              },
              "GMT-3": {
                "exemplarCity": "GMT-3"
              },
              "GMT-4": {
                "exemplarCity": "GMT-4"
              },
              "GMT-5": {
                "exemplarCity": "GMT-5"
              },
              "GMT-6": {
                "exemplarCity": "GMT-6"
              },
              "GMT-7": {
                "exemplarCity": "GMT-7"
              },
              "GMT-8": {
                "exemplarCity": "GMT-8"
              },
              "GMT-9": {
                "exemplarCity": "GMT-9"
              },
              "Unknown": {
                "exemplarCity": "esase-Uknown City"
              }
            }
          },
          "metazone": {
            "Afghanistan": {
              "long": {
                "standard": "esase-Afghanistan Time"
              }
            },
            "Africa_Central": {
              "long": {
                "standard": "Isikhathi sase-Central Africa"
              }
            },
            "Africa_Eastern": {
              "long": {
                "standard": "Isikhathi saseMpumalanga Afrika"
              }
            },
            "Africa_Southern": {
              "long": {
                "standard": "Isikhathi esivamile saseNingizimu Afrika"
              }
            },
            "Africa_Western": {
              "long": {
                "generic": "Isikhathi saseNtshonalanga Afrika",
                "standard": "Isikhathi esivamile saseNtshonalanga Afrika",
                "daylight": "Isikhathi sehlobo saseNtshonalanga Afrika"
              }
            },
            "Alaska": {
              "long": {
                "generic": "esase-Alaska Time",
                "standard": "esase-Alaska Standard Time",
                "daylight": "esase-Alaska Daylight Time"
              }
            },
            "Amazon": {
              "long": {
                "generic": "esase-Amazon Time",
                "standard": "Isikhathi esivamile sase-Amazon",
                "daylight": "Isikhathi sehlobo sase-Amazon"
              }
            },
            "America_Central": {
              "long": {
                "generic": "esase-Central Time",
                "standard": "esase-Central Standard Time",
                "daylight": "esase-Central Daylight Time"
              }
            },
            "America_Eastern": {
              "long": {
                "generic": "esase-Eastern Time",
                "standard": "esase-Eastern Standard Time",
                "daylight": "esase-Eastern Daylight Time"
              }
            },
            "America_Mountain": {
              "long": {
                "generic": "esase-Mountain Time",
                "standard": "esase-Mountain Standard Time",
                "daylight": "esase-Mountain Daylight Time"
              }
            },
            "America_Pacific": {
              "long": {
                "generic": "esase-Pacific Time",
                "standard": "esase-Pacific Standard Time",
                "daylight": "esase-Pacific Daylight Time"
              }
            },
            "Anadyr": {
              "long": {
                "generic": "esase-Anadyr Time",
                "standard": "esase-Anadyr Standard Time",
                "daylight": "esase-Anadyr Summer Time"
              }
            },
            "Apia": {
              "long": {
                "generic": "esase-Apia Time",
                "standard": "esase-Apia Standard Time",
                "daylight": "esase-Apia Daylight Time"
              }
            },
            "Arabian": {
              "long": {
                "generic": "Isikhathi sase-Arabian",
                "standard": "Isikhathi esivamile sase-Arabian",
                "daylight": "Isikhathi semini sase-Arabian"
              }
            },
            "Argentina": {
              "long": {
                "generic": "esase-Argentina Time",
                "standard": "Isikhathi esimisiwe sase-Argentina",
                "daylight": "esase-Argentina Summer Time"
              }
            },
            "Argentina_Western": {
              "long": {
                "generic": "Isikhathi saseNyakatho ne-Argentina",
                "standard": "Isikhathi esimisiwe sase-Ntshonalanga ne-Argentina",
                "daylight": "Isikhathi sasehlobo sase-Ntshonalanga ne-Argentina"
              }
            },
            "Armenia": {
              "long": {
                "generic": "Isikhathi saseArmenia",
                "standard": "Isikhathi esezingeni sase-Armenia",
                "daylight": "Isikhathi sehlobo sase-Armenia"
              }
            },
            "Atlantic": {
              "long": {
                "generic": "esase-Atlantic Time",
                "standard": "esase-Atlantic Standard Time",
                "daylight": "esase-Atlantic Daylight Time"
              }
            },
            "Australia_Central": {
              "long": {
                "generic": "esase-Central Australia Time",
                "standard": "esase-Austrilian Central Standard Time",
                "daylight": "esase-Austrilian Central Daylight Time"
              }
            },
            "Australia_CentralWestern": {
              "long": {
                "generic": "esase-Austrilian Central Western Time",
                "standard": "esase-Austrilian Central Western Standard Time",
                "daylight": "esase-Austrilian Central Western Daylight Time"
              }
            },
            "Australia_Eastern": {
              "long": {
                "generic": "esase-Austrilian Eastern Time",
                "standard": "esase-Australian Eastern Standard Time",
                "daylight": "esase-Australian Eastern Daylight Time"
              }
            },
            "Australia_Western": {
              "long": {
                "generic": "esase-Western Australia Time",
                "standard": "esase-Austrilian Western Standard Time",
                "daylight": "esase-Austrilian Western Daylight Time"
              }
            },
            "Azerbaijan": {
              "long": {
                "generic": "Isikhathi sase-Azerbaijan",
                "standard": "Isikhathi esivamile sase-Azerbaijan",
                "daylight": "Isikhathi sehlobo sase-Azerbaijan"
              }
            },
            "Azores": {
              "long": {
                "generic": "Isikhathi sase-Azores",
                "standard": "Isikhathi esivamile sase-Azores",
                "daylight": "Isikhathi sehlobo sase-Azores"
              }
            },
            "Bangladesh": {
              "long": {
                "generic": "esase-Bangladesh Time",
                "standard": "esase-Bangladesh Standard Time",
                "daylight": "esase-Bangladesh Summer Time"
              }
            },
            "Bhutan": {
              "long": {
                "standard": "esase-Bhutan Time"
              }
            },
            "Bolivia": {
              "long": {
                "standard": "Isikhathi sase-Bolivia"
              }
            },
            "Brasilia": {
              "long": {
                "generic": "esase-Brasilia Time",
                "standard": "Isikhathi esimisiwe sase-Brasilia",
                "daylight": "esase-Brasilia Summer Time"
              }
            },
            "Brunei": {
              "long": {
                "standard": "Isikhathi sase-Brunei Darussalam"
              }
            },
            "Cape_Verde": {
              "long": {
                "generic": "Isikhathi sase-Cape Verde",
                "standard": "Isikhathi esezingeni sase-Cape Verde",
                "daylight": "Isikhathi sehlobo sase-Cape Verde"
              }
            },
            "Chamorro": {
              "long": {
                "standard": "Isikhathi esezingeni sase-Chamorro"
              }
            },
            "Chatham": {
              "long": {
                "generic": "Isikhathi sase-Chatham",
                "standard": "Isikhathi esivamile sase-Chatham",
                "daylight": "Isikhathi semini sase-Chatham"
              }
            },
            "Chile": {
              "long": {
                "generic": "Isikhathi sase-Chile",
                "standard": "Isikhathi esivamile sase-Chile",
                "daylight": "Isikhathi sehlobo sase-Chile"
              }
            },
            "China": {
              "long": {
                "generic": "Isikhathi sase-China",
                "standard": "Isikhathi esivamile sase-China",
                "daylight": "Isikhathi semini sase-China"
              }
            },
            "Choibalsan": {
              "long": {
                "generic": "esase-Choibalsan Time",
                "standard": "Isikhathi Esimisiwe sase-Choibalsan",
                "daylight": "esase-Choibalsan Summer Time"
              }
            },
            "Christmas": {
              "long": {
                "standard": "Isikhathi sase-Christmas Island"
              }
            },
            "Cocos": {
              "long": {
                "standard": "Isikhathi sase-Cocos Islands"
              }
            },
            "Colombia": {
              "long": {
                "generic": "Isikhathi sase-Colombia",
                "standard": "Isikhathi esivamile sase-Colombia",
                "daylight": "Isikhathi sehlobo sase-Colombia"
              }
            },
            "Cook": {
              "long": {
                "generic": "Isikhathi sase-Cook Islands",
                "standard": "Isikhathi esivamile sase-Cook Islands",
                "daylight": "Isikhathi esiyingxenye yasehlobo sase-Cook Islands"
              }
            },
            "Cuba": {
              "long": {
                "generic": "esase-Cuba Time",
                "standard": "esase-Cuba Standard Time",
                "daylight": "esase-Cuba Daylight Time"
              }
            },
            "Davis": {
              "long": {
                "standard": "Isikhathi sase-Davis"
              }
            },
            "DumontDUrville": {
              "long": {
                "standard": "Isikhathi sase-Dumont-d’Urville"
              }
            },
            "East_Timor": {
              "long": {
                "standard": "Isikhathi sase-East Timor"
              }
            },
            "Easter": {
              "long": {
                "generic": "Isikhathi sase-Easter Island",
                "standard": "Isikhathi esivamile sase-Easter Island",
                "daylight": "Isikhathi sehlobo sase-Easter Island"
              }
            },
            "Ecuador": {
              "long": {
                "standard": "Isikhathi sase-Ecuador"
              }
            },
            "Europe_Central": {
              "long": {
                "generic": "Isikhathi sase-Central Europe",
                "standard": "Isikhathi esivamile sase-Central Europe",
                "daylight": "Isikhathi sehlobo sase-Central Europe"
              }
            },
            "Europe_Eastern": {
              "long": {
                "generic": "Isikhathi sase-Eastern Europe",
                "standard": "Isikhathi esivamile sase-Eastern Europe",
                "daylight": "Isikhathi sehlobo sase-Eastern Europe"
              }
            },
            "Europe_Further_Eastern": {
              "long": {
                "standard": "esase-Further-eastern European Time"
              }
            },
            "Europe_Western": {
              "long": {
                "generic": "Isikhathi sase-Western Europe",
                "standard": "Isikhathi esivamile sase-Western Europe",
                "daylight": "Isikhathi sehlobo sase-Western Europe"
              }
            },
            "Falkland": {
              "long": {
                "generic": "Isikhathi sase-Falkland Islands",
                "standard": "Isikhathi esivamile sase-Falkland Islands",
                "daylight": "Isikhathi sehlobo sase-Falkland Islands"
              }
            },
            "Fiji": {
              "long": {
                "generic": "Isikhathi sase-Fiji",
                "standard": "Isikhathi esivamile sase-Fiji",
                "daylight": "Isikhathi sehlobo sase-Fiji"
              }
            },
            "French_Guiana": {
              "long": {
                "standard": "Isikhathi sase-French Guiana"
              }
            },
            "French_Southern": {
              "long": {
                "standard": "Isikhathi sase-French Southern and Antarctic"
              }
            },
            "GMT": {
              "long": {
                "standard": "Isikhathi sase-Greenwich Mean"
              }
            },
            "Galapagos": {
              "long": {
                "standard": "Isikhathi sase-Galapagos"
              }
            },
            "Gambier": {
              "long": {
                "standard": "Isikhathi sase-Gambier"
              }
            },
            "Georgia": {
              "long": {
                "generic": "Isikhathi sase-Georgia",
                "standard": "Isikhathi esivamile sase-Georgia",
                "daylight": "Isikhathi sehlobo sase-Georgia"
              }
            },
            "Gilbert_Islands": {
              "long": {
                "standard": "Isikhathi sase-Gilbert Islands"
              }
            },
            "Greenland_Eastern": {
              "long": {
                "generic": "esase-East Greenland Time",
                "standard": "esase-East Greenland Standard Time",
                "daylight": "esase-East Greenland Summer Time"
              }
            },
            "Greenland_Western": {
              "long": {
                "generic": "esase-West Greenland Time",
                "standard": "esase-West Greenland Standard Time",
                "daylight": "esase-West Greenland Summer Time"
              }
            },
            "Gulf": {
              "long": {
                "standard": "Isikhathi esivamile sase-Gulf"
              }
            },
            "Guyana": {
              "long": {
                "standard": "Isikhathi sase-Guyana"
              }
            },
            "Hawaii_Aleutian": {
              "long": {
                "generic": "esase-Hawaii-Aleutian Time",
                "standard": "esase-Hawaii-Aleutian Standard Time",
                "daylight": "esase-Hawaii-Aleutian Daylight Time"
              }
            },
            "Hong_Kong": {
              "long": {
                "generic": "Isikhathi sase-Hong Kong",
                "standard": "Isikhathi esivamile sase-Hong Kong",
                "daylight": "Isikhathi sehlobo sase-Hong Kong"
              }
            },
            "Hovd": {
              "long": {
                "generic": "esase-Hovd Time",
                "standard": "Isikhathi Esimisiwe sase-Hovd",
                "daylight": "esase-Hovd Summer Time"
              }
            },
            "India": {
              "long": {
                "standard": "esase-India Standard Time"
              }
            },
            "Indian_Ocean": {
              "long": {
                "standard": "Isikhathi sase-Indian Ocean"
              }
            },
            "Indochina": {
              "long": {
                "standard": "Isikhathi sase-Indochina"
              }
            },
            "Indonesia_Central": {
              "long": {
                "standard": "Isikhathi sase-Central Indonesia"
              }
            },
            "Indonesia_Eastern": {
              "long": {
                "standard": "Isikhathi sase-Eastern Indonesia"
              }
            },
            "Indonesia_Western": {
              "long": {
                "standard": "Isikhathi sase-Western Indonesia"
              }
            },
            "Iran": {
              "long": {
                "generic": "esase-Iran Time",
                "standard": "esase-Iran Standard Time",
                "daylight": "esase-Iran Daylight Time"
              }
            },
            "Irkutsk": {
              "long": {
                "generic": "esase-Irkutsk Time",
                "standard": "Isikhathi Esimisiwe sase-Irkutsk",
                "daylight": "esase-Irkutsk Summer Time"
              }
            },
            "Israel": {
              "long": {
                "generic": "Isikhathi sase-Israel",
                "standard": "Isikhathi esivamile sase-Israel",
                "daylight": "Isikhathi sasemini sase-Israel"
              }
            },
            "Japan": {
              "long": {
                "generic": "Isikhathi sase-Japan",
                "standard": "Isikhathi esivamile sase-Japan",
                "daylight": "Isikhathi semini sase-Japan"
              }
            },
            "Kamchatka": {
              "long": {
                "generic": "esase-Petropavlovsk-Kamchatski Time",
                "standard": "esase-Petropavlovsk-Kamchatski Standard Time",
                "daylight": "esase-Petropavlovsk-Kamchatski Summer Time"
              }
            },
            "Kazakhstan_Eastern": {
              "long": {
                "standard": "Isikhathi sase-Mpumalanga ne-Kazakhstan"
              }
            },
            "Kazakhstan_Western": {
              "long": {
                "standard": "Isikhathi saseNtshonalanga ne-Kazakhstan"
              }
            },
            "Korea": {
              "long": {
                "generic": "Isikhathi sase-Korea",
                "standard": "Isikhathi esisezengeni sase-Korea",
                "daylight": "Isikhathi semini sase-Korea"
              }
            },
            "Kosrae": {
              "long": {
                "standard": "Isikhathi sase-Kosrae"
              }
            },
            "Krasnoyarsk": {
              "long": {
                "generic": "esase-Krasnoyarsk Time",
                "standard": "Isikhathi Esimisiwe sase-Krasnoyarsk",
                "daylight": "esase-Krasnoyarsk Summer Time"
              }
            },
            "Kyrgystan": {
              "long": {
                "standard": "Isikhathi sase-Kyrgystan"
              }
            },
            "Line_Islands": {
              "long": {
                "standard": "Isikhathi sase-Line Islands"
              }
            },
            "Lord_Howe": {
              "long": {
                "generic": "esase-Lord Howe Time",
                "standard": "esase-Lord Howe Standard Time",
                "daylight": "esase-Lord Howe Daylight Time"
              }
            },
            "Macquarie": {
              "long": {
                "standard": "Isikhathi sase-Macquarie Island"
              }
            },
            "Magadan": {
              "long": {
                "generic": "esase-Magadan Time",
                "standard": "Isikhathi Esimisiwe sase-Magadan",
                "daylight": "esase-Magadan Summer Time"
              }
            },
            "Malaysia": {
              "long": {
                "standard": "Isikhathi sase-Malaysia"
              }
            },
            "Maldives": {
              "long": {
                "standard": "esase-Maldives Time"
              }
            },
            "Marquesas": {
              "long": {
                "standard": "Isikhathi sase-Marquesas"
              }
            },
            "Marshall_Islands": {
              "long": {
                "standard": "Isikhathi sase-Marshall Islands"
              }
            },
            "Mauritius": {
              "long": {
                "generic": "Isikhathi sase-Mauritius",
                "standard": "Isikhathi esivamile sase-Mauritius",
                "daylight": "Isikhathi sehlobo sase-Mauritius"
              }
            },
            "Mawson": {
              "long": {
                "standard": "Isikhathi sase-Mawson"
              }
            },
            "Mexico_Northwest": {
              "long": {
                "generic": "esase-Northwest Mexico Time",
                "standard": "esase-Northwest Mexico Standard Time",
                "daylight": "esase-Northwest Mexico Daylight Time"
              }
            },
            "Mexico_Pacific": {
              "long": {
                "generic": "esase-Mexican Pacific Time",
                "standard": "esase-Mexican Pacific Standard Time",
                "daylight": "esase-Mexican Pacific Daylight Time"
              }
            },
            "Mongolia": {
              "long": {
                "generic": "Isikhathi sase-Ulan Bator",
                "standard": "Isikhathi Esimisiwe sase-Ulan Bator",
                "daylight": "esase-Ulan Bator Summer Time"
              }
            },
            "Moscow": {
              "long": {
                "generic": "esase-Moscow Time",
                "standard": "esase-Moscow Standard Time",
                "daylight": "esase-Moscow Summer Time"
              }
            },
            "Myanmar": {
              "long": {
                "standard": "Isikhathi sase-Myanmar"
              }
            },
            "Nauru": {
              "long": {
                "standard": "Isikhathi sase-Nauru"
              }
            },
            "Nepal": {
              "long": {
                "standard": "esase-Nepal Time"
              }
            },
            "New_Caledonia": {
              "long": {
                "generic": "Isikhathi sase-New Caledonia",
                "standard": "Isikhathi esivamile sase-New Caledonia",
                "daylight": "Isikhathi sehlobo sase-New Caledonia"
              }
            },
            "New_Zealand": {
              "long": {
                "generic": "Isikhathi sase-New Zealand",
                "standard": "Isikhathi esivamile sase-New Zealand",
                "daylight": "Isikhathi sasemini sase-New Zealand"
              }
            },
            "Newfoundland": {
              "long": {
                "generic": "esase-Newfoundland Time",
                "standard": "esase-Newfoundland Standard Time",
                "daylight": "esase-Newfoundland Daylight Time"
              }
            },
            "Niue": {
              "long": {
                "standard": "Isikhathi sase-Niue"
              }
            },
            "Norfolk": {
              "long": {
                "standard": "Isikhathi sase-Norfolk Islands"
              }
            },
            "Noronha": {
              "long": {
                "generic": "Isikhathi sase-Fernando de Noronha",
                "standard": "Isikhathi esimisiwe sase-Fernando de Noronha",
                "daylight": "esase-Fernando de Noronha Summer Time"
              }
            },
            "Novosibirsk": {
              "long": {
                "generic": "esase-Novosibirsk Time",
                "standard": "Isikhathi Esimisiwe sase-Novosibirsk",
                "daylight": "esase-Novosibirsk Summer Time"
              }
            },
            "Omsk": {
              "long": {
                "generic": "esase-Omsk Time",
                "standard": "Isikhathi Esimisiwe sase-Omsk",
                "daylight": "esase-Omsk Summer Time"
              }
            },
            "Pakistan": {
              "long": {
                "generic": "esase-Pakistan Time",
                "standard": "esase-Pakistan Standard Time",
                "daylight": "esase-Pakistan Summer Time"
              }
            },
            "Palau": {
              "long": {
                "standard": "Isikhathi sase-Palau"
              }
            },
            "Papua_New_Guinea": {
              "long": {
                "standard": "Isikhathi sase-Papua New Guinea"
              }
            },
            "Paraguay": {
              "long": {
                "generic": "Isikhathi sase-Paraguay",
                "standard": "Isikhathi esivamile sase-Paraguay",
                "daylight": "Isikhathi sehlobo sase-Paraguay"
              }
            },
            "Peru": {
              "long": {
                "generic": "Isikhathi sase-Peru",
                "standard": "Isikhathi esivamile sase-Peru",
                "daylight": "Isikhathi sehlobo sase-Peru"
              }
            },
            "Philippines": {
              "long": {
                "generic": "Isikhathi sase-Philippine",
                "standard": "Isikhathi esivamile sase-Philippine",
                "daylight": "Isikhathi sehlobo sase-Philippine"
              }
            },
            "Phoenix_Islands": {
              "long": {
                "standard": "Isikhathi sase-Phoenix Islands"
              }
            },
            "Pierre_Miquelon": {
              "long": {
                "generic": "esase-Saint Pierre and Miquelon Time",
                "standard": "esase-Saint Pierre and Miquelon Standard Time",
                "daylight": "esase-Saint Pierre and Miquelon Daylight Time"
              }
            },
            "Pitcairn": {
              "long": {
                "standard": "Isikhathi sase-Pitcairn"
              }
            },
            "Ponape": {
              "long": {
                "standard": "Isikhathi sase-Ponape"
              }
            },
            "Reunion": {
              "long": {
                "standard": "Isikhathi sase-Reunion"
              }
            },
            "Rothera": {
              "long": {
                "standard": "Isikhathi sase-Rothera"
              }
            },
            "Sakhalin": {
              "long": {
                "generic": "esase-Sakhalin Time",
                "standard": "Isikhathi Esimisiwe sase-Sakhalin",
                "daylight": "esase-Sakhalin Summer Time"
              }
            },
            "Samara": {
              "long": {
                "generic": "esase-Samara Time",
                "standard": "esase-Samara Standard Time",
                "daylight": "esase-Samara Summer Time"
              }
            },
            "Samoa": {
              "long": {
                "generic": "Isikhathi sase-Samoa",
                "standard": "Isikhathi esivamile sase-Samoa",
                "daylight": "Isikhathi sehlobo sase-Samoa"
              }
            },
            "Seychelles": {
              "long": {
                "standard": "Isikhathi sase-Seychelles"
              }
            },
            "Singapore": {
              "long": {
                "standard": "Isikhathi esivamile sase-Singapore"
              }
            },
            "Solomon": {
              "long": {
                "standard": "Isikhathi sase-Solomon Islands"
              }
            },
            "South_Georgia": {
              "long": {
                "standard": "Isikhathi sase-South Georgia"
              }
            },
            "Suriname": {
              "long": {
                "standard": "Isikhathi sase-Suriname"
              }
            },
            "Syowa": {
              "long": {
                "standard": "Isikhathi sase-Syowa"
              }
            },
            "Tahiti": {
              "long": {
                "standard": "Isikhathi sase-Tahiti"
              }
            },
            "Taipei": {
              "long": {
                "generic": "Isikhathi sase-Taipei",
                "standard": "Isikhathi esivamile sase-Taipei",
                "daylight": "Isikhathi semini sase-Taipei"
              }
            },
            "Tajikistan": {
              "long": {
                "standard": "Isikhathi sase-Tajikistan"
              }
            },
            "Tokelau": {
              "long": {
                "standard": "Isikhathi sase-Tokelau"
              }
            },
            "Tonga": {
              "long": {
                "generic": "Isikhathi sase-Tonga",
                "standard": "Isikhathi esivamile sase-Tonga",
                "daylight": "Isikhathi sehlobo sase-Tonga"
              }
            },
            "Truk": {
              "long": {
                "standard": "Isikhathi sase-Chuuk"
              }
            },
            "Turkmenistan": {
              "long": {
                "generic": "Isikhathi sase-Turkmenistan",
                "standard": "Isikhathi esivamile sase-Turkmenistan",
                "daylight": "Isikhathi sehlobo sase-Turkmenistan"
              }
            },
            "Tuvalu": {
              "long": {
                "standard": "Isikhathi sase-Tuvalu"
              }
            },
            "Uruguay": {
              "long": {
                "generic": "Isikhathi sase-Uruguay",
                "standard": "Isikhathi esivamile sase-Uruguay",
                "daylight": "Isikhathi sehlobo sase-Uruguay"
              }
            },
            "Uzbekistan": {
              "long": {
                "generic": "Isikhathi sase-Uzbekistan",
                "standard": "Isikhathi esivamile sase-Uzbekistan",
                "daylight": "Isikhathi sehlobo sase-Uzbekistan"
              }
            },
            "Vanuatu": {
              "long": {
                "generic": "Isikhathi sase-Vanuatu",
                "standard": "Isikhathi esivamile sase-Vanuatu",
                "daylight": "Isikhathi sehlobo sase-Vanuatu"
              }
            },
            "Venezuela": {
              "long": {
                "standard": "Isikhathi sase-Venezuela"
              }
            },
            "Vladivostok": {
              "long": {
                "generic": "esase-Vladivostok Time",
                "standard": "Isikhathi Esimisiwe sase-Vladivostok",
                "daylight": "esase-Vladivostok Summer Time"
              }
            },
            "Volgograd": {
              "long": {
                "generic": "esase-Volgograd Time",
                "standard": "Isikhathi Esimisiwe sase-Volgograd",
                "daylight": "esase-Volgograd Summer Time"
              }
            },
            "Vostok": {
              "long": {
                "standard": "Isikhathi sase-Vostok"
              }
            },
            "Wake": {
              "long": {
                "standard": "Isikhathi sase-Wake Island"
              }
            },
            "Wallis": {
              "long": {
                "standard": "Isikhathi sase-Wallis and Futuna"
              }
            },
            "Yakutsk": {
              "long": {
                "generic": "esase-Yakutsk Time",
                "standard": "Isikhathi Esimisiwe sase-Yakutsk",
                "daylight": "esase-Yakutsk Summer Time"
              }
            },
            "Yekaterinburg": {
              "long": {
                "generic": "esase-Yekaterinburg Time",
                "standard": "Isikhathi Esimisiwe sase-Yekaterinburg",
                "daylight": "esase-Yekaterinburg Summer Time"
              }
            }
          }
        }
      }
    }
  }
}
